155.70,147.90,140.20,136.00,127.8,113.8,95.5,92.7,103.4,115.4,128.6,135.5,137.6,138.8,137.4,130,125.3,125.8,153.8,164.2,152,141.8,127.1,114.5
108.1,103.3,100.4,98.9,95,92.4,83.6,105.1,114.8,120.6,129.4,136,137.3,142.3,135,136.5,135.7,136.8,167,184.4,171.6,153.2,135.2,118.7
105.9,101,98.4,97.2,94.8,92.8,86.8,112.8,136.4,142.1,147.7,154.4,150,103.3,97,126.1,152.5,155.1,183,192,175.9,157.6,140.2,123.1
111.3,104.1,100.1,97.5,95.6,95.4,91.6,112.1,125.6,130.1,141.2,148,140.1,131.1,132.8,141.6,147.4,149.6,175.5,196.3,182.1,165.1,146.8,132.3
116.8,109.3,105.2,101.7,98.3,94.8,91.7,106.4,116.8,121.3,126.7,128.6,131.2,128.4,135.8,137,131.6,133.5,163.2,188.8,177.8,160,143,130
114.9,106,100.7,97.8,96.6,93,85.1,102.3,112.6,114.4,116.9,120.5,123.3,130,128.3,132.3,126.3,123.6,160.2,185.5,179.8,160.3,141.8,127.6
115.3,108.1,103.3,99.6,97.7,96.7,85.3,100.3,111.4,123.2,133.3,141.5,143.8,149.5,148.2,146.6,142.5,141.5,173.1,189.4,178.8,159.6,136.9,117.5
103.1,97.6,94.2,92.5,92.1,91.9,90,110.4,124.3,139.1,149,152,145.4,138.1,136.9,139,138.2,143.2,176.1,184.2,171.2,156.8,138.3,118
105.8,97,95.2,92.8,93.1,94.3,91.8,110,121.9,125.5,132.1,139.2,141.9,144,145.9,145.4,143.8,155.9,179.3,192.6,175.8,161.3,140,118.8
104.3,98.3,95.6,93.6,93.2,92.4,91.3,111.1,131.1,137.6,143.4,149.6,144.5,153.5,157.8,158.5,157.7,159.6,189.3,211.2,194.7,176.2,158.9,138.7
120.6,110.7,106,103,101.2,100.2,96.4,119.2,57.8,130.3,145.2,154.1,169.1,168,169.2,162.4,160.4,163.5,193.5,215.1,201.1,183.4,163.6,139.9
123.5,115.9,108.8,84.5,83.1,79.7,74.7,96.1,112.1,118.4,126.8,135.6,141.6,152.1,144.1,137.3,135.4,134.1,167,191.6,184.6,168.1,151.4,131.2
117.4,107.7,104.6,103.1,99.8,96.2,87.5,98.9,109.1,120.6,127,130,133.9,136.5,135.4,135.9,134.9,134.9,163.4,184.7,176.3,159.2,138.3,116.8
104.4,97.5,95.1,91.8,91.8,89.4,87.1,107.2,130.6,144.5,148.8,155.1,158.3,159,159.7,156.8,157.1,156,179.5,205.2,192.9,175.4,155,131.3
115.6,110.8,105.6,103.4,101.2,98.4,97.3,114.1,135.2,152.2,150.1,152,147.2,144,143.1,142,145.6,148.5,176.2,189,181.9,165.1,142.5,123.5
110.6,102.1,99,96.7,96.1,96.4,98.7,116.1,126.1,128.1,129.1,134.9,136.4,132.4,141,146.3,146.8,143.1,178,204.2,191.1,170.9,153.9,133.2
114.1,107.1,100.5,97.5,96.5,99.6,97.5,117.3,126.5,129.9,137.3,146.3,138.2,134.6,136.2,136.8,137.2,135.7,170,187.3,178,163.9,138.5,115.1
100.2,94.9,91.3,90.1,90.2,90.1,89.4,107.8,125.8,141.5,145.2,142.5,147.6,150.8,154,156.4,151.2,164.8,187.8,182.5,165.9,145.6,129,113.4
99,93.5,89.7,86.9,87.5,87.1,83.2,92.2,107.1,117.9,127,132.6,132.1,132.6,129,130.4,130.9,130.7,161,185.7,181.9,163.5,144.8,125.7
113.8,106.9,100.6,96.5,93.5,90,84.2,92,106.8,121.3,128.6,121.8,141.3,141.1,141,138.8,138.6,137.9,167.7,195.3,191.2,176.7,147.9,124.4
111.5,103.8,100.1,98,96.6,96.4,97.4,111.3,125.7,135.8,146.3,143.2,141.4,139.6,139.6,144.3,142.1,145.6,173.8,190.7,181.2,160.8,137.5,117.9
105.2,98.8,94.1,92.2,91.7,96.8,95.7,112.3,130.3,143.6,144.6,139.7,146.2,148.7,147.8,153.6,154.5,151.7,183.9,201.7,189.9,169.3,150.1,124.1
110.5,101.3,95.9,94.9,94.8,94.5,97.7,116.4,131,130.8,132,136,136.8,137.8,139.2,139.7,142.1,138.6,170.3,190.8,183.6,163.3,140.2,119.1
106,100.2,97.2,94.1,94,95.3,98.3,116,130.3,129,131.7,132.4,131,127,132,130.8,136.3,136.4,165.7,189.9,179.7,159.1,137.8,112.2
99.6,94,92,90.2,90.2,92.2,93.3,109.3,128.3,128.1,137.4,143.9,145.5,153.9,152,147.1,147.5,144.2,175.4,202.4,189.6,170.8,152.2,131.6
116.9,109.7,104.9,102.3,100.2,98,95.9,112.2,123,130,141,148.3,152.1,157.7,155,153,150.7,152,177.1,200.8,190,168.2,150,130.7
114.8,108.4,104.5,104.6,100.2,99.3,90.4,103.8,117.3,129.9,131.8,132.1,134.5,137.1,135.5,135.9,135.7,136.4,169.3,192,190.8,174,150.8,132.3
115.1,106,105.5,103.9,102.3,105.8,110.3,125,133.7,140.1,136.3,132.5,134,137.6,151.2,151.2,153.5,152.1,184.1,206,194,174.3,151.6,126
111.1,102.9,100.5,97.1,97.9,99.6,100.8,114.4,124.2,128.3,133.6,141.6,146.9,149.1,158.8,161,159.9,158.6,184.2,204.6,195.3,179.8,157.2,134.6
119.9,109.1,106.1,102.1,102,106,109.1,127,136.2,148.1,156.2,158.2,151.8,157.7,98.7,121.4,156.5,156.8,185,200.9,190.1,168.4,148.2,125.6
107.8,102.6,99.6,98.2,95.4,100.1,104.5,123.2,144.8,153.4,146.3,151.5,153.7,150,148.7,152.8,158.5,165.7,180.6,188.7,178.7,157.6,141.1,119.8
107.1,102.7,99.2,97.9,97.1,96.9,93.9,112.9,125.8,133,140.8,148.1,147.7,139.9,138,138.7,136.7,137.9,171.2,188.6,175.8,161.7,144.6,123.6
108.7,104.5,99.3,96.2,94.5,95.2,92.2,110.9,118.2,125.7,130.8,134.5,138.2,142.3,139.3,135.2,137.9,139.9,173.4,192.6,178.9,161.5,145.3,125.2
116.7,112.6,105.2,101.8,98.1,94.8,87.3,100.6,114.5,126,129.4,138.4,146.1,146.2,145.4,140.8,139,143.6,173.7,198.6,193.4,170.6,134.5,119.7
109.4,103.2,99.7,95.8,94.9,94.1,95.9,116.6,130.1,133.1,137.6,144.6,144.9,141.6,143.4,143,145,151.1,176.4,193.4,180.3,160.7,139.8,119
104.3,99.3,97.5,93.6,93,96.6,101.9,115.1,127.7,143.8,149.7,145,140.1,145.6,144.2,145.8,149.2,151.3,180.4,195,184.5,165.9,144.6,123.9
108.9,100.8,98.4,96.7,97.9,99.4,105.2,120.8,127.2,132,138.6,144.5,138.8,140.6,144.6,149.3,147.8,150.7,176.4,192.7,181.2,161.4,139.5,119
107,99.2,96,94.1,93.4,97.6,99.1,111.2,125.6,145.4,153.9,153.9,145.1,149.2,161.9,160.3,155.8,151.9,184.2,202.9,190.5,166.1,142.4,122.5
111.9,105.9,102.1,100,101,101.8,103.3,114.7,127.8,137.5,143.4,150,154.7,164.2,167.8,164,159.7,158.4,185.4,206.4,195.6,175.9,159.2,132.1
118.7,108.5,103.4,101.5,99.6,99.5,95.4,115.2,124.7,133.3,136.3,142.2,151.9,158.8,161.4,152.7,150.4,146,172.1,199.9,191.3,174.5,153.3,135
122.8,115.9,107.5,107.6,104.1,102.6,98.2,108.9,121.1,127.2,135.9,140.2,144.5,149.8,141,138.9,142.5,140.4,174.8,202.6,191.7,170.3,142.6,120.6
109.5,103.4,99.7,98.7,97,100,104.1,116.8,128.2,133.5,137.1,143.9,144,145.5,142.9,143.3,149.9,155.2,179.8,197.3,184.2,163.2,139.7,116.2
103.9,99.7,96.3,95.2,93.3,96.3,100.3,117.7,133.9,142.3,148.2,150.6,137.9,133.5,141.9,146.5,146,149.4,181.8,197.5,179.7,166.5,142.2,114.1
103.7,99.6,97,93,92.5,96.1,102.6,112.4,124.8,132.2,132.3,137.2,135.6,131.8,136.5,148,145.1,144.1,179.2,199.9,181,166,141.4,121.4
106.6,99.7,96.8,95.3,92.8,95.9,97.2,109.6,125.6,136.3,154.8,164.6,168.9,166.9,159.7,158.9,154.1,154.3,183.7,204.1,192.5,176.9,158.3,130.4
111.6,108.1,105.4,102.6,101.7,104.5,111.3,122.5,132.1,138.4,144.5,158.2,161.9,167.5,175.4,169.5,163.3,163.5,192.2,209.1,197.6,181,159.4,136.3
119.6,111.5,109.7,107.6,107.2,104.8,100.1,119.9,144.2,146.1,139.8,141.2,144.7,149.9,154.4,157.9,160.4,155.4,184.7,205.4,196.2,179.5,158,139.3
125.3,115.9,108.9,107.4,106.7,104.9,97.1,110.8,119.9,128.6,136.9,148.9,153.4,159.1,162.1,163.1,150.8,148.3,178.7,206.2,199.6,177.4,151.4,129.7
116.9,109.3,106.3,105.3,103.4,105.2,111.3,118.3,131.8,140.1,150.3,156.4,156.7,170.1,176.1,175.1,176,174.4,200.4,219.4,208.3,189.9,167.2,140.6
123.9,117,115.3,111.1,109,95,109.2,120.4,100.2,108.4,149.8,170.3,165.6,143.2,111.6,139.8,157.1,167.9,202.6,220.7,207.5,190.7,165.5,141.9
126.8,119.7,116.6,112.6,111.1,114.7,113.8,121,137.8,152,154.3,166.5,164.4,167.4,167.7,169.8,170.8,167.9,196.9,219.3,204.3,173.1,151.7,132.3
116.9,111.7,109.1,107.4,107,110.7,106.9,114.1,141.2,151,158.3,174.7,179.8,174.4,164.3,162.4,155.1,154.8,191.1,205.8,188.8,172.5,151.6,133.8
117.6,112,107.9,106.8,104.9,107.4,110.2,122.8,130.5,146.1,154.8,160.8,153.5,159.6,161.3,166.5,162.5,160.5,181.8,194.7,185.2,163.3,141.3,122.4
112.8,106.1,100.6,98.1,95.5,96.4,93.1,111.3,123.2,128,138.5,150,153.1,149.5,152,148.5,146.3,155.1,189.2,209.9,197.7,179.4,152.3,137.5
127.5,118.2,111.8,106.7,101.8,99.4,91.7,103.5,112.2,121.8,125.9,133.6,143.3,146.5,146.7,140.8,138.3,145.3,176.9,199.1,194.1,172.7,147.5,126
113.6,108.2,104.9,101.2,100.6,104.8,105.8,115.8,133,143,150.9,158.8,158.8,162.5,170.8,177.1,168,165.7,197.3,215.8,204.2,187.6,160.1,138.2
124.2,117.7,114.5,112.1,109.1,110.4,113.7,118.6,129.6,143.8,152.9,158.1,163.2,160.9,160.9,164.7,162.6,156.2,190.7,219,205.4,182,159.5,137.9
120.3,114.4,112,109.5,106.2,109.6,108.4,119.5,137.6,147.9,158.8,161.9,83.2,91.7,145,155.8,157.7,154.6,187.2,201.6,189.2,170.8,144.9,122
111.6,107.8,103.6,101.2,100.2,102.2,105.4,120.4,132.4,141.3,151.7,152.2,154.8,152.2,144.1,149.1,151.5,151.4,183.2,201.8,190.7,169.8,146.7,125.6
111.9,104.6,101.6,99.6,100.3,100.9,92.8,91.1,100.1,91.2,94,109.3,129.7,132.1,140.1,146.2,148.5,145.9,169.6,185.3,172.8,156.7,140.5,123.9
110.3,102.9,96.8,95.2,92.8,92.5,86.8,106.3,114,121.5,129.3,138.6,137.7,141.8,143.7,146.1,138.9,138.5,172.4,199.2,187.8,171,153.6,134
122.8,112.5,105.5,101.7,100.3,98.4,87.1,103.7,113.4,116.6,121.8,125.7,130.5,126.4,127.1,127.7,131.5,137.9,166.3,190.9,180.1,163.5,142.3,125.5
113.6,105,103.8,100.2,98.7,100.1,99.7,111.8,130.7,140,148.8,158.1,162.9,160.7,157.6,161.1,159.1,156.8,182.4,197,185.4,173,148.3,125.9
112.1,107.8,103,101.9,101.8,107.1,107.3,116.6,139.4,149.7,160.5,166.2,167.1,164.3,157.3,168.7,164.7,162.2,188.5,205.3,186.8,164.9,142.6,126.4
111.9,105.6,103,101.8,100.2,103.3,99.2,120.1,129.9,151.7,152.2,155.6,161,157.8,176.5,177.9,173.1,170,201.4,216.3,199.7,183.2,158.5,136.1
123.9,115.6,111.5,109.8,108.5,113.2,111.8,125.7,140.4,149.6,146.5,140.7,137.2,136.2,141.4,146,143.2,146,178.3,192.6,177.9,162.1,141.3,119.9
106.1,101.1,98.6,95.4,94.4,96.2,93.9,110.7,127.5,143,145.4,154.2,156.3,156.8,161.2,163.1,166.1,157.4,184.7,197.3,180.4,165.8,145.2,124.8
111.2,104.2,101.3,98.3,98.4,96.8,89.1,100.7,113.3,120.2,128.5,138.9,144.7,148.8,144.8,143.4,148.1,150.3,189.4,203.1,186.2,168.5,148.8,130.9
117.9,112,106.3,104,102.1,99.7,89.1,102.2,113.3,118.4,122.8,129.9,135.6,140.7,140,133.9,129.6,129.1,164.5,185.6,178.5,163.4,139.7,120.7
108,103.8,101.2,99.6,98.3,98.6,98.7,110.9,128.4,134.1,139.2,149.2,152.2,155,160.1,163.2,153.9,156.3,181.7,207.1,191.8,167.2,145.7,124.1
109.4,102.5,100,98.2,97.8,100.5,100.1,111.9,126.1,140.9,142.2,145.7,137.7,139.9,151.9,153.3,150.3,149.3,179.7,197,182.6,163.4,142.1,120.6
107,102.2,98.2,95.3,94.6,96.8,88.9,105.4,118.1,129.2,136.7,142,147.7,152.6,151.1,154.7,151.6,151.2,184.8,198.2,190.4,171.1,150.4,132.7
119.7,114,109.3,108.2,107.1,112,107.7,118.2,134.5,154.8,162.1,169.4,163.9,158.4,163.2,166.6,168.6,165,197.2,214.5,197.8,182.3,160.1,123.2
111.2,108.4,106.1,105.6,102.1,106.7,113.1,119.7,124.1,137.3,138.2,147.3,161.2,166.6,165.3,166.8,165.9,164.3,186.5,194.7,182.1,162.4,144.3,125.6
113.6,108,103.8,98.4,53.5,89.9,84.8,100.6,110.3,117.9,132.4,140.6,138.9,144.4,141.1,141.2,140,140.1,169.7,192.7,178.7,160.7,144.4,125.7
110.7,103.7,99.7,98.8,95.5,93.9,82.9,99.7,111.8,122,127.6,133.3,138.2,138.4,128.8,126.6,124.2,127.1,160.1,175.3,169.2,153,133.4,115.5
106,102.3,101.3,98.8,96.7,100.8,97.9,107.9,123.6,134.7,143,151.6,152,156.9,160.7,168.8,163.6,162.1,190.7,196.3,180.1,162.3,143.7,128
116.9,109.8,106.6,104.1,104.1,99.9,91.5,110.3,131.2,148.5,155.2,157.4,150.9,155.2,158.3,157.2,151.6,152,186.5,200.5,186.4,166.2,149,128
112,107.6,103.3,101.6,100.5,100.8,99.4,118.2,128.3,138.6,146,150.3,149.6,149.9,159.2,160.6,157.3,157.2,192.4,204.2,191.9,181,161,132.3
119.9,113.8,110.7,107.6,107.1,111.2,108.6,114.1,125.7,138.7,150.9,165.6,170,176,174.9,176.7,171.7,167.2,193.1,199.3,189.5,172.7,151.9,130.4
115.4,109.2,104.9,102.9,100.9,108.1,112.9,122.7,136,144.8,150.3,152.6,153.8,161.7,167,166.8,162.7,159.7,190.3,195.8,182.2,165.1,146.5,126.7
116,109.6,105.2,100.6,99.1,99.6,94.1,112.2,128.7,141.7,137.5,134.2,136.9,134.8,135.7,139.1,140.4,139.3,176.6,190.7,175.6,159.9,147.6,130.6
115.9,111.3,104.8,100.1,97.7,95.5,85.1,100.8,111.1,123.2,126.8,133.1,142.9,140.5,141.2,140,138.2,139,170.9,188,179.2,160.8,138.6,123.6
112.1,105.7,102,100.1,97.2,70.7,81.5,95.3,122.9,136.6,148.8,160.4,158.9,158.4,153.6,151.5,149.6,146.5,184.1,198.8,187.8,166.6,142.9,126.5
115.5,108.3,105.4,103.8,102.8,105.4,107.2,123.2,141.2,162.2,168.5,173.1,175.6,166.1,176.1,174.8,172.1,173.7,206.3,207.9,187.3,172.1,153.1,130.9
118.1,113.3,109.3,105.9,104.8,109,108,119.1,134.4,145.8,147.5,159.9,161,164,172.2,175.3,163.4,166.8,200.2,211.8,192,176.2,152.8,131.7
115.9,109.6,107.7,106.1,104.2,109.8,109.9,122.3,129.8,142.7,146.3,153.6,152.9,157,154.3,152,148,150.9,188.9,196.6,183.2,170.5,149.8,127
112.6,107.6,104.4,102.3,100,100.5,97.5,118.3,133.3,147.2,150.7,156.9,164.7,165.3,168.7,167.2,137.3,133.7,188.6,202.1,187.3,172.9,156.4,137.7
123.2,117.5,114.5,110.8,107.4,106.6,99.4,116.3,126.6,128.3,132.2,139.9,148.1,151.3,149.5,146.3,143.7,149.6,187.9,196.6,183.2,167.2,148.1,133.6
120.6,113.7,109.5,104.1,102.4,99,90.2,110.6,124.6,134.2,140.6,147,147.6,152.2,153.7,149.7,147,154.6,189.9,196.4,189.8,175.6,154.8,139.1
126.7,115.9,112.9,107.8,109.3,112.9,112.2,127.1,130.5,132.3,137.5,162.4,171.2,164.2,160.2,162,156.2,159,197.8,200.5,178.4,162.9,146.9,137.1
126.3,118.8,108.7,109.4,107.2,101.3,94.3,113.5,128.5,145.1,156.9,171.6,169.9,163.1,166.9,168,168.2,168.4,206.5,218.5,194.9,167,143.3,123.4
115.1,110,107,104.6,103.6,105.4,106.8,125,130.9,143,148.4,151.9,155.4,155.1,163.3,174.1,169,167.2,203.7,220.7,204.1,188.8,164.3,141.9
127.6,119.5,113.9,113.5,113.6,115.7,112.4,122.3,141.1,160.5,165.7,172.9,167.9,168.2,172.1,173.6,168.1,169.6,208.6,210.1,200.2,180.8,159.6,137.8
125.6,114.8,111.8,109.5,106.9,110,112.9,121.2,143,155.8,161.3,167.2,169.8,172,177.7,178.3,175.8,176.7,179.5,181.5,174.9,162.5,145.4,130.8
118.7,112.6,110.1,105.8,104.5,102.3,96.3,115.6,139.5,152.2,162.8,156,149.6,147.4,151.1,147.9,144.8,157.9,191.1,195,176.2,153.3,133.7,119.5
110.4,104.5,100.1,98.9,97.9,97.9,93.4,110.3,118.3,124,123.3,127.8,131.2,135.3,131.6,128.9,123.8,133.7,165.4,165.6,161.1,147.9,127.4,109.9
98.5,94.6,91.7,90.6,90,95.3,101.1,110.7,122.7,129.5,134.8,138.6,140.2,144.4,145.1,142.9,144.6,149.1,186.4,195.3,177.8,160.9,140.2,122.5
109.2,100.3,96.5,94.9,95.6,100.3,101.4,113.1,128.3,148.1,155.9,162.4,165,164.9,168.5,169.8,161.1,157,189.7,196.2,194.5,179.8,153.9,130.8
115.1,108,105.5,103.3,103.7,106.6,103.9,120.2,136.1,144.5,151.1,153.9,158.3,159.5,165.9,168.3,168.4,164.4,200.5,205.3,192.6,176.7,153.8,130.9
119.3,112.1,109.4,103,105,107.6,107.7,117.6,137.5,153.6,164.2,171.8,174.4,161.8,169.2,166.5,165.3,161,199.1,205.8,200.9,183.2,161.9,140.4
122.5,115.2,111.7,109,108.5,112.9,108.1,111.5,127.3,139.9,155.5,166.6,169.5,172.4,181.8,181.5,179.7,173.8,206.2,209,194.9,178.9,161.2,139.7
127.1,117.9,112,109.6,108.4,106.3,96.9,114.4,134.2,149.2,158.6,165.3,160,163.9,163,161.7,156.8,156.6,190.4,203.1,194.6,183,162.8,142.7
128.6,121.6,115,111.4,108.1,105.7,96.8,112.8,118.7,127.7,133.6,136,139.7,139.7,142.3,141.7,135.6,139.7,178.2,191.1,183.8,173.9,148.5,134.2
122,116,114.4,111.4,109.3,109.1,103.8,119.2,136.8,146.3,151.2,165.7,164.3,165.4,168.4,171.6,166.8,154.2,201.8,209.4,195.9,182.5,155.1,135.4
123.4,117.7,112.8,108.8,106.3,106.2,100.7,118.6,137.9,156.4,160.4,166.5,159.4,155.1,160.6,163.3,153.4,155.1,188.9,190.1,181.8,165.3,144.1,125.9
112.7,107.1,103.8,101.5,99.9,99.3,97.9,118.8,131.8,136.6,136.6,141.1,139.4,141.3,140.9,142.8,142,144.8,188.4,200.3,188.8,170.6,149.1,133.6
117.7,112.9,108.5,106.7,103.7,103.3,96.9,118.3,128.9,133.9,141.3,145.5,152.2,157.3,158.3,155.2,152.7,152.6,195.9,202.8,188.1,175.6,155.6,136.1
125.9,120.8,119.4,116.7,113,110.8,97.4,107.6,113.8,121.2,135.5,144.5,147.4,146.2,147.9,146.9,142.9,143.4,184,192.4,186.8,172.8,155.5,137.4
125.1,117.8,112.1,110.7,110.9,106.5,96.6,120.6,130.4,134.3,140.8,142.6,145.6,140.6,138.3,142.7,144.1,147.1,187.6,197.6,181.1,168.3,155,134.2
122.1,116.8,114.8,111.1,108.2,105,94.5,112.6,120.6,128,134.6,139,143.1,145.9,146.2,138.9,140.4,150,189.6,199.6,184.8,168.8,145.9,125.8
117.1,111.1,109,106.6,104.3,106.2,102.6,118.1,138.5,154.1,163.9,168.9,173.4,179.9,174.2,171.4,164.3,177.3,203.6,199.6,184.5,166.2,145.8,128.5
116.4,111.4,106.9,106.3,107.5,112.6,104.2,115.9,141.8,155.3,164.3,169.3,162.6,165.9,165.4,161.7,154.8,161.1,196.5,198.2,185.6,168.1,151.1,129.8
113.4,110.3,107.6,107,106.7,109.1,107.3,118.8,126.6,129.1,133.4,133.6,130,136.8,143.6,148.8,151.8,151.1,196.9,194.9,179.3,165.2,147.5,127
113.2,108.2,107.1,104.9,105.4,103.7,101.8,114.1,131.3,142.2,148.3,152.5,149.5,144.2,143.8,147.3,154.2,173.4,197.5,192.6,174.8,156,141.9,124.6
109.8,103.5,102.6,100.7,100.5,104.1,101.5,124.7,132.8,135.5,146,151.9,156.2,155.8,161.2,161.5,157.4,163.1,204.2,199.3,186.6,169.9,155,137.2
121,115.5,109.6,107.1,104.1,101.4,93.5,112.9,134.9,147.4,153.1,159.9,150.9,148.2,145.1,139.1,142,145.6,186.7,190.9,174.1,163.1,143.1,128.4
116.9,111.6,104.9,101.8,96.9,95.5,90.5,106.8,118,129.7,131.6,140.1,145.1,143,142.2,137.6,135.5,139.8,182.6,192.2,179.7,160.2,142.9,123.4
111,106.5,102.2,101.1,101.1,103.4,102.2,112.6,131.4,144.1,147.1,152.4,161.4,159.1,158.8,157.8,160,158,191.8,191.2,174.5,155.6,136.2,120.2
107.2,101.7,99.2,97,95.9,99.8,95.5,108,135.1,141.9,152.4,159.8,162.8,159.9,165,165.6,162.7,163.6,201.9,205.7,191.9,168.3,146.9,123.9
112.7,109.6,105.5,102.4,100.5,103.7,102,113.4,118.8,125.9,132.4,133.5,136,130.4,136.9,136.4,135.6,135.5,180.3,190.6,186.1,167.7,146.8,127.6
115.1,108.9,105.5,101.7,101.3,104.1,99,113.7,128.3,138.7,146.7,155.8,165,170,142.8,149.8,155.5,162.4,198.4,199.1,186,167.1,147,127
109.4,103.5,101.7,99.4,98,97,89.5,109.2,124.5,129.9,139.5,145.3,144.1,147.5,152.7,149.4,144.8,149.6,191.2,195.1,177.2,166.3,155.5,134.3
120.1,111.3,107.5,104.9,102,102,94.5,109.3,123,126.5,126.5,129.7,130.1,125.4,122.5,123.4,127.4,130.5,172.9,175,162.7,149.6,134.2,120
111.4,106.5,100.9,97,95.8,94.6,87.3,102.4,112.6,116.8,120.6,126,128,133.2,134.5,128.1,120.9,128.9,172.9,179,168.7,154,134.6,116.5
105.8,100.1,96.6,94.1,93.1,92.5,92.3,103.5,123.7,135.7,148.1,157.7,158.7,164.3,175.4,174.6,170.2,166.6,204.2,210.3,194,175.9,155.9,134.6
116.6,108.9,105.2,102.1,99.1,98.5,100,112.4,127.3,138.5,157.6,172,172.3,176.3,173.4,166.1,165,173.1,198.8,191.2,184.5,164.6,142.4,127.2
113.2,107.1,103.8,102.7,101.3,102.5,101.3,114.5,133.8,143,150.7,160.1,161.9,163.4,154.9,158.2,152.4,155.4,190.7,193.3,180.2,160.1,142.1,123.3
109.9,101.9,97.6,94.8,94.3,96.2,96.8,110.4,131.1,145.8,151.8,158.7,154,158.4,151.9,153.6,155,157.1,195.7,194.3,179.7,163.8,141.9,119.7
107.3,106,101.4,98.4,98.7,101.7,103.2,113.5,127.6,140.4,151.4,154,157.8,158.4,155.9,57.6,146.7,153.6,195.9,196.5,187.7,174.6,153.3,133.1
120.2,114,108.6,103.3,101.6,102,96.2,108.9,126.5,149.9,155.4,167.2,162.4,161.3,161.9,160.5,157.1,157.2,193.1,192.1,180,163.2,145.6,127.3
115.5,113.9,109.7,105,101.8,101.1,92.3,110.6,123,133.2,139.2,144,149.7,151.6,152.5,149.7,144.8,151,188.6,191,181,166.7,146.9,127.7
121.1,117.5,115.8,115.4,111.2,112.5,110,108.9,117.2,136.6,144.8,150.9,155.9,159.4,166.2,166.4,159.3,166.3,203.3,200,191.2,164.8,146.2,130.7
116.5,111.1,107.2,105.7,105.4,106.4,103.8,116.8,124.7,145.2,150.8,152.9,143.2,132.1,134.3,137,134.2,139.1,184.4,186.2,176.5,156.8,132.7,114.1
104.4,100.5,98.9,98.9,98.2,99.2,99.6,110.4,123.3,128.8,134.9,136.2,144.5,143.1,144.8,151.7,151.4,149.9,187.7,193.2,177.4,155.8,136,121.4
109.1,102.7,101.8,99.2,98.8,99.2,100,112.2,128,144.8,143.7,150.1,145.3,140.8,146.4,150.3,148.2,148.5,187,192.3,176.9,159.2,139.6,122.1
109.4,103.5,100.5,99.4,98.8,99.3,91.2,110.7,127.5,140.6,145.2,149,147.3,145.6,144.9,147.9,147.1,150.3,192.6,196.6,178.6,161.2,143.7,125.8
113.6,107,103.1,99.7,97.5,96.9,89.8,107.6,119.1,134.9,139.3,141.2,132.3,134,144.8,144.8,141.9,143.9,190.3,203.1,188.9,173.2,154.9,136.9
127.4,121,117.7,114.1,111.9,109.1,95.9,111.5,120.7,129.8,136.8,146,148.1,146.1,143.2,140.8,141.7,145.6,192,194.6,186.1,174.4,146.3,127.7
118.4,113.6,109,105.8,104.5,106.4,108.3,117.4,128.5,130.5,134.9,139.1,131.7,131.4,138.3,142.9,144.4,147.8,189.2,191.9,177.3,157.3,141.4,120
108.3,102.7,99.9,97.5,99.7,101.1,102.3,114.4,129.9,145.4,153.3,154.3,147.8,143.7,146.1,146,143.3,149.7,189.2,196.3,180.5,163.9,141.5,119.5
104.9,99,95.7,93.5,93.2,93.7,93.4,109.3,124.1,135.8,142.1,150.7,151.4,158.9,166,167.1,161.2,160.2,196.8,202.8,188.4,171.3,151.6,131
114.6,106,102.8,100.1,98.9,99.9,100.1,117.8,142.3,159.9,167.7,174.8,169.8,166.5,164.4,167,166.4,173.7,213.6,208.7,197.4,181.7,158.6,136.8
121.5,113.6,109.8,107.5,105.1,106.4,102.6,123,138.9,141.1,133.2,135.6,141.7,161,176.9,169.7,166.1,163.5,209.6,215.7,198.6,181,158.3,136.4
123.3,116.5,112.4,110.4,110.8,109.6,97.9,110.5,119.8,137,147,141.5,139,139.4,138.4,135.8,134.5,142.3,188.2,191.6,171.7,162.3,146.7,131.4
121.4,116.6,110.4,118.1,111,107.2,95,109.5,113,118.6,128.5,128.4,128.8,132.7,134.6,134.1,136.2,159.9,186,183.6,165.1,149.9,132.7,118.4
110.8,106,102.8,101.8,99.2,102.7,93.5,103.4,122.9,132.5,134.5,137.5,143.2,153.6,161.4,165.5,169.2,165.6,206,208.9,193.6,180.9,159.6,137.6
123.4,113.7,107.3,105.5,102.3,103.1,94.1,114.4,131.5,146.7,156.2,161.3,159.2,156,151.9,159.4,157.3,158,197.3,196.8,182.8,169.4,143,124.7
109.5,104.2,102.6,100.5,99.3,101.1,98.9,113.7,126.1,133.8,136.9,141.4,144.4,143.6,152.9,156.3,150.3,150.3,198,204.1,192.6,179.4,147.8,127.4
112.6,107.1,104,103.7,103.4,105.6,99.6,125.4,143.4,152.3,155.6,158.4,146.1,153.8,157.7,162.9,158.8,163.3,203.9,203.3,193.3,172.9,153.4,134.7
122.3,112.5,107.1,103.4,101.2,100.9,91,110.1,126.7,139.7,139.7,141.3,154.7,159.1,164.2,169,162.8,156.5,196.1,201.6,189.8,176.6,154.8,135.5
126.4,119.3,114.5,112.6,109.8,107.9,95.1,108.7,122.8,129.5,130.8,136,140.3,144.3,151.8,156.3,155.2,163.8,206.1,208.9,195.6,175.9,163.3,150.4
140.1,134.4,122.3,116.7,113.3,110,93.7,106.8,114.4,125.1,131.2,138.1,138,137.3,137.6,134.9,127.6,133.1,178.9,187.6,182.6,160.1,139.8,125.7
118.8,113.7,109.2,107.8,104.7,101.8,90.4,110.1,122.1,130.9,135.7,140.8,139.9,137.5,131.7,128.9,129.1,132.5,181.1,189.2,178.5,156.5,136.4,118.8
110.4,104.8,102.9,101.1,99.7,104.4,105.7,119,141.5,146.3,153,156.2,151,154.2,160.2,161.4,157.2,157.1,201.3,205,190.1,168,148.9,127.6
115.3,110.9,108,104.7,103,102.3,99.8,114,126.5,135.4,141.3,145.1,143.5,142.5,147.8,148,148.5,151.1,187,191.5,183.1,167,144.8,125.9
115.7,112.1,108.1,107.2,104.4,106.5,100.9,122.5,142.4,152.8,163.4,164,143.8,141.5,145.9,149.6,148.8,150.8,185.2,191.2,176.4,158.7,135.8,116.8
107.8,103.6,102.6,100,100.3,102.5,99.2,108.7,120,132.5,139.8,145.3,148.1,149.6,159,162.2,159.1,161.3,199.8,202.8,195.1,177.4,159.3,135.9
124.7,111.9,105.6,102.9,102.3,99.8,87.9,109.8,130.5,138.6,141.4,141.6,139,137.9,138.6,139.3,139,143.7,187,196.8,186.3,167.9,148.9,132
122.7,117.7,112.2,108.1,104.9,101.9,89.1,102.8,112,121.6,128.7,135.4,139.4,136.3,133.5,132,129.3,132.5,175.4,189.2,180.3,162.5,143.4,125.1
113.8,108.2,103.2,101,101.7,103.3,99,111.1,128,139,150.7,154.4,163,166.5,165.2,155.1,152.5,161,195.8,196.2,181.2,166.9,145.9,122.8
112.1,107.8,106.8,104.4,105,107.1,104.3,122.5,140.8,143.7,152.2,160.2,146,150.7,159.6,162.1,159.5,170.5,197.4,194.8,182.6,162.3,140.7,123.2
110.7,103.8,101.6,102.5,102.9,106.8,97.2,112.6,123.5,136.4,142.4,153.8,151.5,151.6,158.4,154.4,152.7,152.3,192.9,195.4,186.2,173.7,154.4,128.1
113.8,108.7,104.5,101.6,101,104.7,98.3,116.5,131.2,141,148.4,153.1,143.4,140.1,142.2,143,143.2,148.6,193.7,191.7,179.3,163.6,143.9,123.5
108.2,102.6,100.3,99.1,98.8,101.2,95.4,114.2,125.7,140.1,143.7,151.4,152,157.4,158.2,158.7,154.7,160.4,191.9,191.9,177.8,166.5,142.3,123.5
111.8,106.3,102.6,99.5,99.1,97.7,81.7,111.3,131.4,141.7,149,149.7,147.8,154.1,152.1,147,145.5,149.1,191,194.7,181.1,166.9,146.2,128.5
118,114,109.9,107.8,101.9,99.9,90,103.8,112.4,118.8,122.8,128.4,128.9,120.9,119.7,122,122.1,131.1,177.5,185.2,168.6,153.2,135.9,122
112.2,105.3,102,100.1,99.9,102.5,92.3,112,127.5,139,142.7,150.3,149.3,153,155,160.5,161.2,163.4,198.3,204.3,193.1,147.9,128,113.3
101.3,93.7,88.9,86.8,84.7,86,81.2,97.5,114,128.3,146.2,158.1,163.9,169,156.7,150.4,149.2,154.9,191.9,197.5,182.3,170.5,146.4,121.6
110.3,105.9,102,101.6,100.4,97.8,86.1,108,125,139.7,141.8,151.8,157.1,162.2,170.7,171.4,169.5,178.1,212.7,212.5,195.6,180.4,155.5,135.6
119.9,111.5,107.9,105.6,104.4,104.9,99,115.9,148.5,155.1,165.4,180.7,178.5,162.2,163.6,169.4,165.1,165.2,204.4,208.4,192.9,175.2,151.1,132.6
119.1,112.3,109.4,106.4,105.9,104.7,97.2,112.9,131.6,142.6,149.3,158.1,157.4,163.7,163.9,157.7,151.1,155.7,188.7,194,182.3,171.4,151.6,131.5
116.4,108.2,104.4,102.1,100.5,100.1,92.3,108.2,109.3,102.1,105,114,117,123.1,146.6,145.7,142.2,146.4,190.3,200.9,179.1,159.5,146.1,134.5
122.6,116.7,109.4,106.2,103,101.2,86.4,100.5,91.2,100.5,101.4,104.7,117.7,143.4,146.7,141.3,136.1,147.1,181.7,187.9,177,158.5,136.5,121.4
111.8,106.4,104.6,100.7,97.3,97,86.3,103.8,107.8,113,114.2,126.2,129.1,129,133.4,140.4,136.5,142.9,179.7,187.7,178.2,162.3,143.3,125.8
113.6,106.7,100.9,97.9,97.1,97.2,85.4,105.3,124.8,128.6,139.4,144.9,144,143.4,147.9,160.5,159.3,160,196.2,198.8,188.5,171.2,148.1,126.3
113.3,105.9,103.1,100.3,100.6,101.4,95.1,112.2,131.6,149.5,157.6,161.6,150.3,151.1,154.2,149.5,162.8,161.9,194.7,200.2,184.7,173,152.5,128.2
116.2,111.6,109.2,106.4,103.9,103.4,97.2,121.3,147.2,148.9,154.1,158.6,147.9,141.5,154,156,153,158.3,198.5,198.6,185.1,169.4,146.5,124.6
114.9,111.8,108.8,105.9,102.6,101.4,96,116.2,117,131.2,141.1,148.7,149.1,146.1,151,160.2,159.2,160.6,197,200.3,187.3,169.7,155.3,132.9
121.2,117.3,111.8,108.1,106.2,107.2,96,110.4,118.5,128.4,131.8,139.7,142.2,141.7,145.6,148.7,147.2,148,188.5,199.1,185.3,168.1,152.9,137.6
127.8,122.2,118.9,115.3,111.8,107.8,93.7,105.2,112,121,130.1,134.2,132.4,131.3,129.2,127.9,119.9,117.5,159.8,169.1,157.5,141.2,125.6,113
102.9,96.9,87.2,78.5,77.8,76.2,66.2,86.9,95.1,108.2,122.4,122.6,124.9,122.7,122.7,123.4,126,129.2,174,181.6,172.7,152.5,131.6,112.7
101.9,96.9,96.8,95.8,94.4,96.2,93.2,110.3,130.1,141.2,146.4,148.1,147.8,149.3,149.2,138.8,139.8,145.4,174.9,188.2,177.1,161.3,136.3,115.6
104,99.2,96.1,95.4,94.1,95.9,92.3,110.7,111,116,119.3,137.6,145.8,147.4,154.8,160.1,154.2,159.4,200.2,205.9,198.7,191.1,165.3,135.7
121.1,82.1,108.5,102.8,101.6,104.5,8.2,11.2,45.9,154.4,164.6,168.2,165.7,159.7,156.7,168.7,165.9,164.1,198.7,209.9,194.3,176.7,153.9,132.6
118.3,112.8,107.2,105.4,105.2,107.1,102.4,123.8,138.2,142,151.4,173.7,167.2,170.4,175,165.2,160.4,159.7,204.2,210.8,196.4,175.4,156.1,135.2
121.6,113.5,108.6,104.2,102.2,102.3,93.8,111.2,127.1,135.1,141.8,136,135.8,134.9,138.2,138.8,135.7,141.3,182.4,181.5,168.9,150.1,132.2,114.9
105.8,100.1,95,91.1,88.4,88,79.3,88.5,96.9,103.8,103.7,105.2,107.1,108.5,105.6,107.8,106.6,115.9,152.6,160.1,151.6,126.4,110.3,96.4
88.7,83.9,82.7,81.8,82.3,87.6,85.4,92.9,107.2,80.5,59.8,106.3,120.3,118.6,123.3,125.8,125,127.6,167.6,180.4,170.1,148.8,122.1,103.6
91.7,88.7,86,84.9,84.8,90.9,85.4,97.6,104.9,125.9,128.3,133.1,124,121.3,131.8,139.5,138.1,137.5,168.7,184.2,172.9,155,131.2,106.5
94.7,90.2,88.2,86.9,86.3,90.6,88.6,100.9,114.7,121.3,124.4,132.2,134.3,137.1,142.6,138.8,137.1,140.3,180.8,195,182.2,165.3,138.4,115.4
101.1,96.6,94,93.9,93.3,97.8,99.2,107.3,123.2,141.9,153,158.6,154.2,149.3,155.2,153.6,156.8,158.2,205.6,208,188.9,171.7,145.9,121.7
106.9,100.7,99.3,95.4,96.3,101.9,97.2,105,114.3,123.2,131.4,142.3,145,138.1,141,140.9,145.1,148.7,182.2,191.9,183.4,162.9,138.9,119.4
105.1,98.8,96.2,94.4,94,93.1,86.1,100.8,116.8,146.1,151.3,147.7,137,137.9,141.9,139.9,130.8,135.8,176.6,185.4,166.7,150.2,132.9,115.9
106,100.8,95.2,92.6,90.9,91,80.3,94.9,110.4,119.5,125.7,127.4,128,135.1,137.1,131.3,130.2,133.5,176.5,188.2,175.3,152.2,130.1,113.7
104,99.2,95.9,94.7,94.9,100.3,100.7,111.3,123.1,136.3,144.5,149.9,150.9,157,160.7,155.9,151.9,148.6,185.1,195.1,189.8,167.7,142.8,123.4
109,57.9,94.5,83.6,97.3,100.8,101.3,110.2,133,144.4,156.7,157.4,151,156,158.8,161.6,157.6,160.7,191.6,198.4,194.3,171.7,142.1,120.4
110.8,106.4,102.6,102.2,101.2,104.9,99.8,113.1,128.4,133.3,139.7,144.5,144.1,143.2,148.5,152,152.7,151.4,187.1,201.8,195.8,174.3,148.6,129.1
113.3,107.7,105.3,103,102.7,105.6,99.9,116.4,144.8,151,155.3,163.4,158,158.8,163.5,164.8,159.3,157.7,199.5,216.7,203.6,183.1,159.9,139.1
123.3,113.7,110.3,108.1,108.4,115.4,112.7,131.2,137.6,140.7,142.4,149.5,153.7,160.2,159.9,158.7,159.1,163.8,201,212.2,199.1,182.4,165.4,144.8
128.4,122.6,116.7,115,111.8,113.4,107.7,124.1,136.3,131.9,127.4,134.5,145.2,145.9,148.7,150.1,147.2,147.8,160.6,179.3,140.8,137.1,140.2,128.3
119.2,111.9,107.5,103,101.6,100.6,88,101.9,117.1,131.4,136.6,140.8,143.9,141,136.5,128.3,112.7,134,66.4,126.8,141.6,132.9,132.5,67
97.9,92.8,90.7,88.5,88,89.6,81.9,98.3,124.9,124.1,132.1,130,129,118.7,115.2,117.5,129.6,131,134.2,184.5,165.8,75.2,117.3,118.8
106.8,101,98.6,97.4,96.1,98.6,98.2,115.2,129.2,127.9,125.8,151.2,142.4,99.3,126.1,134.2,133.7,127.1,131.1,174.9,152.8,125.4,128,116.2
106.9,101.8,98.7,96.8,97.1,104.9,105.6,120,126.4,132,143.1,149.4,108.9,124.1,137.7,165.5,87.5,140.8,162.4,86.5,96.6,100.8,98.3,120
113.9,105.6,101.2,99,100.1,102.3,102.6,122.4,134.2,126.8,129.1,128.1,126.9,124.3,127,137.4,161.3,137.5,185.5,133.9,122,129.4,123.4,119.9
112,104.7,102,99.8,100.5,105.3,111.6,128,99.7,74.8,144.5,158.3,154.1,115.6,123.8,126.9,129.8,139.9,184,156.9,159.2,163.6,143.2,120.7
110.4,104.8,100.5,98.3,95.6,97.2,93,119.7,128.7,132.4,127,131.3,134.4,122.1,131.7,136.5,138.4,140.3,177.2,192.8,140.4,130.9,133.5,119.6
108.9,102.5,97.8,95.3,92.9,92.2,77.6,91.5,82.5,97.8,77,108.9,119.4,137.6,143.9,138.6,132,129.2,113.4,167.7,167.5,151.9,131.4,115.2
104.4,98.1,95.5,93.6,92.6,92.9,85.8,97.6,120.7,128.6,141.7,146.5,152.3,154.4,153.8,158.3,157.3,130.4,178.2,199.5,177.3,151,142.9,119.6
106.9,100.8,96.8,95.9,95.2,98.3,92.4,106.3,131,125.2,131.7,158.5,167.8,151.5,153.6,160.2,158.5,156,132,195.2,198.7,178.3,136.3,123.1
113.4,109.3,106.2,102.5,101.6,104.9,101.4,115.1,128.9,148.4,133.3,131.5,138.2,142.4,147.1,162.3,169.6,151.1,199.7,224.2,184.6,182.9,156.7,135.5
124.7,117.9,114.3,110.5,108.3,110,102.7,117.3,129.8,115.4,120.4,128.7,131.3,152.5,165.8,168.9,142.2,159.1,200.3,190.4,194.6,175.1,138.4,126.8
115,110.1,106.9,103.8,101.6,102.3,92.8,118.3,147,161,161,162.1,152.8,144.5,154.3,153,151.9,165,173.4,210.3,196.5,181.1,161.5,141
126,118.7,113.3,110.8,108.7,107.3,96.5,111.1,137.7,151.5,163.9,161.9,152.1,68.5,138.1,143.5,140.7,119.8,160.6,197.8,153.7,163.5,143.1,121.2
113.1,106.3,101.6,96.8,92.5,91.3,79.6,90.9,102.6,111.1,111.7,116.6,118.6,115.5,118.1,119.6,120,120.3,160.9,168.1,146.8,128,105.6,97.9
90.4,86.6,85,83.9,84.1,88,85.5,95.7,114.6,122.9,132,137.4,142.3,131.3,118.4,134.1,134.9,130.2,144.2,181.6,166.8,146.8,120.2,101.9
90.1,85.7,83.6,82.4,83.2,85.5,83.2,101.7,111.5,118.5,127.8,134.7,134.3,144.3,148.8,150.8,148.5,144.9,182.5,194.8,178.2,156.4,128.8,108.6
95.7,89.9,86.9,85.4,86.2,86.9,76.6,92.8,106.1,116.8,99.8,86.7,102.3,125,137.9,137.6,138.6,145.9,186.1,203.2,191.4,172,149.1,125.6
114.7,95.6,104.8,100.8,100.3,102.8,99.9,113.7,138.6,150.9,156.3,156.6,152.1,156.8,164.2,164.5,164.6,162.7,200.7,214.9,198.1,158.9,98,125
71.2,104.4,99.6,97.9,96.9,100.2,94.6,109.8,113,135.4,144.8,141.7,88.6,114.5,150.7,156.9,154.7,163.2,202.4,222.8,208.3,192.3,173.1,149
134.5,128.4,120.4,117.1,114.6,113.5,104.1,122.2,134.9,141.8,150.2,160.1,161,159.4,159.6,148.7,148.9,148.8,186.7,201.3,194.3,181.5,164.3,143.5
132,124.9,118.8,109.2,109,105.5,90.9,102.3,116.5,121,131.4,141.1,150,152.6,143.4,139.1,134.9,134.8,181.6,197.3,190.4,172.1,149.2,127.4
117.3,85,106.2,104.9,102.7,104.3,97.2,110.1,129.1,142.6,153.2,167,173.9,177.1,175.6,170.2,169.3,167.7,204.3,216.2,210.9,190.3,164,139.1
121.6,114.8,104.7,97.6,105.3,107.7,106.2,124.9,136.3,139.6,115.2,121.9,145,161.9,164.3,165.4,164.2,160.1,198,200.5,186.6,174.5,149.1,127.1
114.4,108.5,72.3,99.9,98.6,103.1,102.7,119.6,128.5,121.4,111.7,118.4,150.8,166.2,169.6,165.7,163,162.4,196.5,208,196.1,175.3,152,132
119,112,108.4,105.6,104.3,105.7,98.8,118.3,118.9,114.5,112.8,113.2,114.8,123.5,168.1,169,161.8,158.6,191.9,198,186.1,167.4,139.5,122.3
109.5,104.1,100.1,99.1,98.2,100.8,101,114.6,125.6,122.8,123.7,133.9,137.3,135.1,139.9,140.7,138.8,140,174.7,188.4,174.9,156.5,135.9,117.2
104.9,100,94.8,93.2,92,94.3,88.6,104.9,117,127.5,139.6,149.5,148.9,154.4,155.5,151.6,151.1,151.3,190.3,208.2,194.5,176.2,158,139.3
127,118.5,112.4,106.5,102.1,100,88.9,103.8,114,124.1,130.3,137.7,143.7,147.7,147.5,141.9,132.5,134.2,175.5,187.7,177.7,163.8,139.7,122.3
112.4,106.2,103.7,101.9,100.6,99.3,88.8,109.4,122.7,135.6,143.6,147.6,156.7,159.5,160.6,156.6,147.8,148.6,187.4,208.2,194.4,179.3,154.4,133.5
121.7,114.8,111.3,107.3,104.1,106.4,105.4,123.5,139.1,153.4,167.4,173.7,170.9,171.6,165.7,166.4,165.7,169.6,204.1,210.1,199.4,182.8,155.6,131
117.5,113,110.7,109.1,106.7,109.2,109.4,120.8,134.4,143.6,143.1,146.3,148.7,158.7,161.2,166.3,165.8,168.6,200.8,204.3,191.7,167.2,144.1,125.3
114.6,109.4,104.7,102.3,103.3,104.5,98,115.3,130.3,154.5,167.8,170.7,175.8,174.2,172.8,170.6,168.2,174.5,205.5,201,186.3,168.7,147.8,124.7
112.6,105.8,103.3,101.9,100.1,97.7,93.9,112.9,119.2,123.7,127.5,133.9,132.4,134.9,142,148.2,144.7,148.6,197.3,215.6,203.9,182.9,158.6,137.5
123.7,90.9,99.6,102.8,99.4,99.8,89.8,108.5,123.7,144.1,149.6,162.4,146.5,150.7,152.9,147.1,126.9,130,176.5,187.3,171,151.4,133.2,119.2
110.5,103.5,97.9,94.2,92.3,92.1,79.6,99,105.6,115.4,121.4,133.1,145.7,153.3,152.7,143.9,125.7,134,176.2,196.3,182.8,163.5,143,121.5
110.6,105.9,102.3,100.8,98.6,102.7,101.2,116.2,127.6,138.5,142.8,158.4,166.5,165,171.2,173.6,170.1,168.2,207.6,221.7,205.3,184.3,160.8,139.9
124,115.9,111.7,106.8,106.6,109.4,104.6,123.6,136.7,145.1,154.7,157.3,160.6,171.5,161.4,155.9,152.4,159.8,170.8,206.7,192.9,172,148.2,123.2
109.6,103.4,100.6,99,98.2,97.2,91.9,115.8,138.5,155.8,170.6,172,178.9,183.1,183,183.5,182.9,174.4,217.8,222.6,211.7,187.2,163.3,141.4
126,118,113.6,111.3,109.7,109.8,102.4,120.6,148.9,165,174.8,190.1,191.7,194.3,192.1,186.7,178,171,208.4,214.9,204.2,189.5,166.8,135.8
119.9,111.9,107.6,100.5,101.4,101.9,91.3,112.6,133.2,150.3,163.6,171.9,176.7,178,183.6,182.5,176,166.5,202,216.3,209.3,188.8,170.1,146
129.4,122.2,113.7,107.5,106.7,103.7,93.5,112.1,128.6,154.3,168.9,177.2,172.9,161,152.6,150.4,147,141.7,187.8,206.8,197.8,173.8,155.7,139.4
127.5,122.5,114.4,108.9,104.8,102.2,88.6,106.7,120.2,129.3,140.8,154.4,159.1,153.7,142.2,137.1,136.7,141.7,181.9,196.3,193.8,171.2,149.7,133.9
118.5,112.2,108.1,106.1,105.1,104.5,97.1,118.9,134.1,148.9,154.7,165.7,179.3,184.6,187.4,184.8,179.3,174.2,214.8,229.5,211.9,189.7,160.9,139
125.5,120.1,115.8,113.4,110.7,112.4,109,126.7,143.6,153.9,162.4,171.2,188,187.5,194.2,193.8,183.5,187.6,219.1,216.7,205.7,203.6,184.2,154.7
136,129.2,122.7,121.4,117.2,118.2,117.6,131.1,154.7,171.3,174.5,183.4,185.5,191.7,197,193.8,175.7,133.1,153.4,174.8,172.3,163.9,138.4,119.9
107.8,100.7,76.1,92.2,91.7,90.5,94.5,112.1,119.3,125.5,129.1,149.5,158.5,172.7,176.8,162.7,169.3,170.1,208.1,203.1,190.7,172.3,149.6,131.6
114.5,106.7,103.4,100.1,101.9,108.8,106.9,120.1,130.9,136.8,149.4,157.3,165.8,170.5,171.3,176.2,175.1,172.2,210,213.5,203.9,189.8,167.2,141.1
126.6,121.2,114,110.5,108.6,107.1,96.4,122.1,142,152.5,162.2,164.6,174.2,172.6,160.2,148.9,138.2,134.2,193.1,212.2,199.8,179.6,162.5,143.9
132.1,125.3,118.3,114.1,111.5,107.1,96.8,119,130.1,145.1,151.3,155.9,161.3,156.3,149.8,143.7,144.4,153.2,187.6,188.1,173.6,152.8,135,119.9
110.1,102.3,80.3,88.1,88.2,91.8,89.2,101.5,128.1,146.6,153.9,161.5,167.5,169.5,173.5,177.3,176.7,158.8,204.2,212.7,198.2,178,159.1,136.1
117.7,113,108.9,107.8,106.7,105.5,106.5,135.1,152.8,166.4,178.1,177.5,177.9,179.5,179,177.8,168,169.7,208.6,207,197.6,177.8,155.2,130.4
116.1,111.2,109.2,107.3,105,104.9,97.9,122.5,133.4,142.3,151.3,121.1,91.9,149.5,165.3,173.1,172.4,173.3,212.3,222.9,213.5,193.8,173.5,145.9
103.8,112.3,109.7,109.7,106.5,106,101.2,125.2,152.9,166.8,170.1,184.6,192.8,195.5,192,175.9,169.6,127.2,112.1,202.1,199.5,182.6,160,139.6
128.2,122,115.5,113.7,110.7,112.1,109.8,125.7,143.8,153.3,154,162,164.9,163.2,168.7,166.8,163.6,169.4,206,205.9,196.7,182.3,158.7,134.9
124.6,115.4,110,106.5,106.3,105.7,96.7,117.9,124.1,128.9,139.8,146.7,158.7,156.7,155.4,152.5,148.3,151.1,193.6,209.3,198.1,180.3,161.3,140.8
128,122.2,115.6,108,105.8,103.3,96.1,118.3,129.4,133.9,143,153.3,160.1,163.9,154,138.8,134.6,141.4,189.8,203.9,194.6,169.8,146.9,128
117.3,112.5,108.6,106.4,104,104.4,102,126.5,145.9,167.2,179.6,192.5,198,183.3,172,170.8,171.9,178.2,225.2,237,223.7,199,174.4,148.6
131.1,122.8,119.1,116.5,113.2,114.1,121,136.6,157.3,166.5,179.7,186.5,190,195.4,199.4,192.7,181.8,183.2,223.8,228.6,217.8,197.4,176.3,154
134.4,126.6,122.7,120,117.2,117.5,115,131.6,145.8,153.8,173.4,185.9,191.6,194.3,198.8,202,195.7,194.3,234,241.7,218.5,188.4,163.7,140.5
125.3,115.8,113.7,110.2,107.8,109.5,109.6,125,146.9,157.8,173.2,184.7,185.7,193,181.6,178.9,176.7,186.4,222.3,228.3,217.8,197.9,175.3,151.8
135.5,128.1,122.6,117.5,115.6,115.5,112.3,128.4,100.1,148.1,163.1,177.6,182.6,191.7,189,189.6,181.7,180.1,223.3,229.8,210.5,193.2,165.3,144.4
133.1,125,118.4,116.7,116.6,110.6,101.5,128,143.4,158.9,163.6,156.6,157.4,160.5,161,154.5,153.5,156.4,198.9,209.3,201.2,175.6,160.8,145.8
131.9,125.1,116.6,112.2,107.5,102,92.6,110.3,118.3,125.9,135.2,145.7,153.8,159.1,162.3,160.8,157.3,163.2,205.6,214.4,195.5,164,145.9,129.4
118.1,111,109.5,107.8,107.6,110.6,103.8,123,141.5,144.4,153.7,162.4,171.4,178.8,184.1,176,173.2,177.1,218.1,229.7,213.2,192.2,133.1,92.7
97.1,92.7,86.4,69.9,89.3,85.9,88.7,106.6,127.6,135.4,152.9,164.5,173.3,181,184,183.7,85,126.6,205.6,208.3,197.7,176.2,151.9,133.5
121.4,116.7,113.3,109.6,109.3,106.1,102.7,117.7,132.1,147.1,155.6,167.7,175.7,178.5,179.5,179.3,175.4,165.1,205.9,210.9,203.7,180.7,154.3,121.4
114.6,110.4,107,103.5,102.6,101.7,97.4,116.9,143.6,158.2,166.6,177.9,184.4,186.3,189.8,195.8,179.7,177.5,207.5,213.4,197,172,148.3,131.7
119.9,114.4,112.6,110.1,107.5,104.5,101.4,119.9,140.4,148.8,155.8,169.9,180.1,180.8,184.2,179.1,168.9,169.3,214.3,224,202.7,184.3,168.3,149.8
138.9,132.8,124.8,118.8,115.1,112.2,104,127.2,133.8,143.7,151.8,163.6,168.7,171.4,165.1,169.8,165.4,166.5,210.4,214.4,196.2,177.4,156.2,143.2
133.5,128.3,119.8,114.9,112.9,107.1,95.1,114.1,127.8,137.1,147.5,162.6,171.9,172.6,160.1,145.5,144.2,150.1,198.2,199.4,189.4,166,142.7,127.3
120.4,116.3,112.3,109.5,108.3,108.2,103.7,118.7,134.1,144.1,150,149.7,145.6,145,155.3,162.2,161.6,167.6,207.5,210.6,192.1,169,144.5,122.3
111.9,105.7,102.4,100.7,100.8,98.5,99.9,124.7,139.5,152.6,148.4,165.7,172.3,105,100.6,139.5,145.9,159.5,202.8,205.2,193.6,172,142.4,122.3
109.6,35,99.5,98.6,97.1,99,96.1,120.8,139.9,154.4,167.7,178.3,172.4,178.9,169.6,147,145.6,156.6,189.2,188.8,180.5,164.1,139.5,118.3
103.4,97.6,94.6,92.5,91.7,90.7,91,117.3,138.7,149.6,161.3,175.9,178.9,182.3,179.3,170.6,147.7,169.4,204.6,218.1,205.7,185.9,160.9,141.5
126.6,119.5,114.7,112.4,108.3,110,111.6,130.1,144.5,148.9,151.8,156,163,173.1,179.1,179.7,171.5,178.4,215.3,212.4,202.2,184.7,165.2,144
132.8,127.1,118.8,114.3,111.8,108.8,104.9,125,134.7,146.2,153.2,160.2,167.9,171.3,175.6,176,174.1,173.9,219.9,228.6,212.5,192.1,172,154.4
145.9,136,125.8,118.1,115.9,108.2,97.2,119,137.8,149.2,160.4,167.2,171.2,161,166.1,161.3,153.6,157.2,206.3,223,212.9,187.6,166.7,143.6
127.9,120.7,108.9,106.8,84.6,89.5,105.2,122.7,143.8,154,156,164.7,165.5,172.3,176,173.4,168,169,210.9,214.8,198,182.9,162.2,140.5
125.1,117.1,113.1,111,110.2,105,105.3,124.8,142,157.6,164,173.9,176.9,176.7,176.5,173.5,177.5,174.7,211.1,216,204,123.3,158.4,135.9
120.6,113.4,110.7,109.1,104.5,99.4,98.6,126.5,94.3,145.1,164,173.2,173.2,182,175.7,166.4,139,167.6,204.2,196.9,179.3,156.7,137.4,118.2
107.2,103.4,100.9,98.7,97.7,93,92.5,109.8,131.3,137.8,145.9,153.6,169.5,176.7,175.6,171.3,168.1,166.1,201.8,210.8,196.8,178.6,157.5,135.1
120.9,113.9,110.4,106.1,105.4,101.6,101.5,115.9,138.3,155.9,166.9,178.6,182,188.7,191.3,177.5,174,172.4,212.7,209.9,199.6,180,160.9,140.9
128.3,121,113.9,110.7,109.9,103.4,97.1,118.4,136.1,142.8,149.5,162.3,168.6,159.5,163.8,151.1,153.3,163.9,198.3,200.9,189.8,167.2,150.7,134.3
125.2,118.9,111.3,108.8,106.6,100.9,93.7,113.1,125.4,134.2,144.8,153,151.1,153.1,152.5,150.4,151.2,155.1,197.7,210,201.7,176,141.1,127.3
114.4,107.8,105.1,103.6,74.9,94.6,89.7,112.2,119.8,129.6,139.8,149.2,150.8,158.6,162.4,160.5,158.7,164.6,206.2,208.7,193.3,183.6,158.5,139.3
123.9,120,115.4,110,107.7,105.9,105.1,122,144.1,147.5,139.7,144.5,152.2,163.6,173.4,171.2,167.9,171.1,207.1,205.2,191.6,166.9,143.7,128.2
113.5,107.7,103.3,103.2,102.9,104.7,108.1,122.1,135.2,136.5,132,141.6,148.7,158.5,167.9,172.9,174.6,176.7,213.1,214.5,198.4,178.7,151.4,134.4
119,114.2,110.1,107.4,105.5,101.6,102.5,118.2,140.1,166.7,177.9,181.4,174.2,176.8,171.8,176.4,179.8,180.9,191.2,201.7,194.1,175.5,147.8,132.1
121,115.6,113.5,111.7,110.8,105.4,104.9,121.2,139.8,147.3,156.6,166.2,169.9,176.7,173.9,170.2,166,171.7,211.9,207.5,195.8,174.1,155.1,136.8
124.7,120.6,112.8,109.6,108,101.7,96.1,114.3,125.1,136.8,144.5,154.1,155.3,159.5,152,152.4,149.4,161.5,197.9,198,188.4,166.5,147.9,132.4
122.2,116.6,111.9,109,107,100.3,94,110.4,120.3,129.7,133.9,139.8,148.2,153.8,155.9,150,150.7,154.4,196.4,195.5,188.1,169.4,153.8,141.8
128.2,120.7,115.9,112.9,111.2,109,108.3,118.6,128.3,150,159.7,164.8,172,179.4,184.2,180.4,177.2,177.5,212.3,213.2,204.1,184.1,155.8,134.8
122.1,115.8,111.8,109.2,107.7,107.7,108.8,121.3,139.7,155.5,165.2,182.6,189.1,169,173.3,167.5,160.9,164.5,206.3,205.8,198.7,170.6,149.1,132.7
121.5,117.3,111.5,109.6,109.9,108.6,110.3,125.4,137.5,146.5,143.8,130.1,144.9,152.3,160.1,159.9,164.8,179.1,209.5,206.1,190.1,169,147.9,132.7
118.1,112.2,108.7,107.5,107.2,107.6,115.4,126.9,143,150.2,150.7,161.2,165.1,174.5,171.5,170.1,171.5,191.1,211.6,202,183.3,167.5,149.1,128.6
113.7,107.4,105.2,103.8,102.9,100.1,105.1,123.4,92.9,137,157.3,157.5,164.3,170.3,174.9,169.5,172.1,170.3,208.4,207.2,199.9,179.7,158.5,138
124.7,118.4,113,109.3,108,98.4,96.3,122.6,139,153,162.1,168.2,161.2,167.6,172.7,169.1,169.4,175.6,222,228.1,216.3,201.7,186.1,171.2
147.6,135.3,126.9,121.2,119.4,117.9,111.8,131.3,135.7,139,143.4,159.7,163.4,166,161.5,155.3,153.5,155.6,190.9,196.6,189.3,173.2,155.9,138.7
127,121,116.2,111.5,109.9,102.1,102.5,126,140.8,158.2,161.2,174.4,170.8,125.1,161.7,164.4,166,175.3,219.7,221.7,208.6,185.3,161.3,143
129,122.1,118.6,115.9,114.9,112.2,111.5,128.8,102,127.3,143.4,160.2,166,170.5,173.8,171.6,178.8,178.9,223.8,223.8,204.6,187.9,164.1,142
125,111.7,109.3,106.9,106.2,106.3,104.9,124.4,136.9,150.4,156.6,165.4,168.6,177,182.2,178.9,176.3,177.3,217.1,214.5,194,178.2,157.1,133.1
120.6,112.1,110.2,107.2,107.5,101.8,104.2,122.1,142.2,153.9,159.9,171.1,178.9,185.1,177,170.4,168.6,175.5,207,207.9,192.9,172,152.4,134.2
122.9,117.3,113,111.3,111.5,112.5,112.2,126.7,138.3,141.5,135.7,141.9,142.6,141.3,142.7,150.3,149.8,158.3,205.9,207.6,196,172.7,151.7,137.2
123.2,114.7,109.5,105.8,105.2,99.4,96.6,114.7,126.9,137,143.2,156.4,159,161.7,165.3,166.3,164.2,169.3,217.6,223.4,209.7,186.4,162.2,143.9
134.6,127.6,120.8,114.8,111.5,102.3,100.7,119.2,133.6,139.4,150.2,157.3,163.7,170.6,169.4,165.9,163.4,167.5,212.8,211.3,205.1,183.4,164,148.8
136.9,127.6,125.7,122.7,120.5,112.9,108.8,126.7,62.6,119.4,142,155.6,159.1,166.2,170.1,155.5,155,160.2,199.6,203.6,187.2,165.7,149.7,131.3
119.2,113.1,109.4,108.2,107.2,102.7,101.1,125.7,141.1,148.8,161.7,175.9,189.6,197.6,188.8,185.2,177.7,181.5,220.3,222.4,206.4,185.8,167.1,146.6
128.8,123.7,119.3,118,115.9,111.1,115.1,55.7,106.9,156.9,173.4,173.3,179.1,176.9,186.3,191.5,185.4,176.9,214.2,209.5,188.7,167.8,147.9,131
120.6,117.1,114,108.2,108.1,107.4,104.7,126.4,142.4,147.8,154.7,167.5,178.8,186.3,183.3,186.8,183.7,181.6,220.4,221.5,206.8,191.5,169.5,145.8
127.6,121.2,116.2,115.8,116.9,116.9,114,100.6,133.8,153.3,159.9,164.2,175,141.5,187.3,186.6,186.6,185.5,222.4,217.7,198.7,177.1,154.2,141.8
130.2,123.8,116.6,113.2,111.4,102.3,99.4,121.1,136,152.6,155.6,161,162.2,167.6,159.7,157.6,155.3,160.6,202.1,205.5,190.6,176.6,157.4,142
131.9,125.2,116.1,110.6,107.5,103.3,96.6,113,121.9,127.1,134.4,139.7,140.7,147.3,145.8,142.4,142.6,146.7,186.3,191.2,178.5,155.6,136.5,123.7
113.2,105.6,102,100.6,100,95.2,92,119.9,131.9,135.3,143.6,150,153.1,151.8,152,109.5,142.2,147.6,193.9,199.9,187.3,173.4,152.8,136.6
123.6,115.4,111.1,108.5,106.6,103.1,104.4,114,127.6,143.3,154.2,160.6,162.9,166.6,169.7,172.8,171.8,180,215.2,216.9,199.6,177.5,153.5,131.9
118.4,113.9,111,106.6,106.1,105.2,106.4,118.6,133.8,142,154.4,163.3,167.1,178.2,170.2,175.3,168.5,165.9,206.5,199.9,186.7,165.6,142.8,122.9
112.1,106.8,103.5,101.7,101.8,96.1,99.3,122.8,121.8,139.4,151.8,161.1,170.5,163.4,175.5,118.4,159.5,170.1,215.6,217.8,202.5,187.4,163.3,140.9
125.8,117.4,113.6,109.6,108.6,108.2,107.3,134.2,141.3,147.2,148.2,147.4,143.6,143.9,143.5,116,142.2,158.9,199.5,196.6,188.5,177.3,156.8,132.3
116.5,112.4,107.1,103.1,102.1,95.5,99.5,119.3,126.1,130.1,136,146.9,150.3,148.2,145.6,147.7,147.4,147.4,184.1,193.8,182.8,165.7,147.1,134.2
122.7,118.1,110.4,104.2,101.2,93.9,91.5,114,123.8,131.6,140,151.4,157.8,158.5,159.9,154.4,152.5,151.3,193.9,205.6,199.2,179.8,154.7,133.8
120.6,115,109.9,106.7,105.4,99.1,95.6,125.7,147.3,162.9,169.7,174.3,183.3,182.3,183.6,176.4,171,164.1,188.2,198.6,188.9,167.5,142.6,124.7
113,108.8,106.5,103.6,102.7,100.9,99.6,125,142.9,149.1,146.8,142.6,137.9,131.7,139.4,148.7,149,153.7,185.7,184.6,175.1,159.8,137.5,116.4
106.7,100,95.9,93.7,94.1,91.2,91.8,121.6,143.8,157.7,163.6,162.8,165.4,167.8,174.1,169,166.2,171.7,205.9,205.5,189.1,168.8,147,128
113.7,108.2,104.9,102.9,100.5,95.2,97.2,117.3,133.1,147.1,156.8,165.1,165.1,173,177.3,176,171.9,172.3,217.2,219.6,205.4,180.4,160,136.4
123.8,116.7,112.5,109.1,108.6,101.3,103.8,133.2,157.2,169.4,175.1,171.6,164.3,170.1,165.7,162.3,162.5,170.6,206.7,194,147.2,148.8,131.3,115.8
49.2,63.8,98.1,94,92,92.2,94.2,107.8,122.5,129.6,135.6,144.3,146.5,151.2,151.4,149.9,152.5,161.1,198.7,196,179.4,156.7,138.7,125.9
118.8,110.2,104,102,100.9,95.9,90.2,108.5,117.4,123.9,134.4,139.9,139.8,140.4,146.5,123.3,140.4,145.1,185.1,194.9,184.8,169.7,150.1,126.8
114.3,108.6,104.9,103.5,101.4,94.9,96.8,101.9,122.9,139.6,149,162.5,161.3,165.2,171.9,175.5,170.2,177.8,215.8,215.9,201.7,182.4,161.5,140.5
124.2,117.7,111.9,110.1,106.9,101.9,102.1,127.9,139.6,146.8,149.7,157.2,160.9,166.9,176.7,173.4,172.8,174.5,209.4,209.4,194.1,178.8,156.4,136.4
123.3,116.7,112.2,107.7,107.7,104.1,103,127.6,150,153.1,154.2,164.6,163.9,158,159.8,162,158.2,163.4,197.7,195.4,183.3,125.6,135.7,124.2
113.3,106.2,102.7,98.4,97.9,94.3,94.5,117.1,135.9,146.8,152.6,158.6,163.7,169.4,173.2,168.8,165.6,163.8,201,202.6,185.5,164.6,142.1,123
111.9,107.8,105.2,103,102.8,99.5,97.4,116.2,129.9,151.8,159.2,165.1,158.6,164.9,168.1,161.8,160.9,160.2,196.5,199.5,188.4,166.4,146.1,129.4
114.3,108,103.4,100.6,99.2,92.6,90.2,109.5,120.3,134.6,142.7,151.6,157.6,166.2,171.6,166.2,164.7,162.4,191.2,196.5,181.6,162.3,150,138.7
127,117.4,109.9,103.6,99.5,93.6,86.9,106.4,114.8,118.1,130,142.1,149.2,152.5,159.1,155.7,149.7,154.9,195.2,205.1,197,180.8,143.5,111.2
104.8,101.4,98.6,95.5,94.8,92.6,89.4,60.2,103,108.4,114.3,118.6,115.5,126.8,133.1,140.7,143.9,161.3,189.2,194.7,178.4,160.5,144.6,125.4
113,108.8,105.2,100.5,100.1,96.8,92.2,114.1,130.6,141.9,150,157.7,153.6,160.9,161.7,156.6,156.6,162.7,198.6,204.7,195.5,176.2,157.6,136.5
121.2,113.6,109.7,107.7,104.7,97.9,93.5,111.8,123.8,130.3,141.5,153.9,164,164,155.5,149.2,155.8,161.5,186.2,184.6,177.9,158.4,138.5,120.8
107.7,101.9,98.8,97.9,97.1,93.6,89.7,113.9,136.8,147.6,152.3,159.5,159,155.5,153.6,154.3,157.2,167.8,197.5,194.3,183.3,165.6,144.2,126.6
112.1,105.7,103.4,102.9,101.1,102.3,95.3,110.4,123.5,128.5,145.7,147.8,149.4,156.3,161.6,160.2,155,160.3,195.1,198.3,185.4,166.5,145.1,128.4
119.1,111.9,106.3,103.2,100.1,96.1,90.9,108.6,122.4,128.9,142.4,147.1,151.6,155.3,157,146,143.1,144.5,179.4,190.2,180.4,162.1,147,130.6
120.5,113.3,106.3,102.3,101.9,91.1,85.3,99.4,112.9,123.2,129.8,133.9,141.9,142.7,143.1,135,131.3,133.1,165.9,185.5,183.4,162.3,145.2,130.3
116.9,111.2,107,105.5,102.5,99.5,92.2,109.3,132.6,146.6,154.7,161,157.5,163.3,167.9,157.7,140.3,149,206.2,200.9,183.9,158,139.5,124
114.3,108,101.4,99.6,98.1,87.1,71.2,92.4,113,145.3,146.4,149.7,157.1,155.8,156,157,155.5,155.7,193.1,200.2,188.6,170.5,148.9,126.1
111.8,104.3,100.5,98.1,96,93.3,87.2,106.4,126.3,141.2,142.2,139,143.4,154.8,159.7,167.1,120,166.1,200.2,208.7,192.5,172.5,151,131.9
116.6,108.9,104.5,102.9,101.9,97.1,91.1,111.1,135.4,157.5,174.4,181.4,180.3,173.4,166.9,163.9,168.5,169.5,198.9,211.7,195.2,175.1,151.7,133.3
118.9,109.6,106,103.5,103.9,100.2,93.4,114.6,128.3,138.1,142.4,151.5,160,159.8,157,120.6,129,167.2,197.3,208.3,189.3,174.3,158.4,139.3
124.9,118.4,111.7,108.1,107.5,101.9,94.7,113.6,50.9,106.8,126.6,157.4,161.4,155.3,160.3,157.4,156,159,187.2,197.9,190.7,177,158.2,138
127.1,118.8,112.3,106.6,65.3,76.8,90.7,98.9,103.6,114.2,116.3,116,116.6,120.1,126,119.5,117.8,123.5,160.4,173.1,169.7,155.7,137.7,119.3
107.7,100.4,97.3,95.6,94.8,91.4,82.6,101.9,120.3,133.6,138.2,143.9,145.9,155.6,166.4,168.8,160.2,154.7,181.7,189.5,181.3,168.2,150.2,128.8
113.3,105.7,101.8,99.2,97.2,90.8,82.6,103.6,127.4,140.4,148.9,158.6,157.2,162.3,169.8,166.5,166.4,163.5,194.7,204,190.7,172.5,154,134.9
121.6,115,108.7,106,103.5,100.9,95,115,141.6,158.4,168.2,171.4,168.5,172.2,172.8,166.2,165.3,96.8,181.5,195.5,187.5,177.5,157.4,135.4
122.1,117.4,114.1,111.6,110.9,109.2,102.5,110,126.6,141,148.8,152.1,143.1,146.4,146.8,146.7,151,136.4,176,187.3,178.6,159.7,141.8,105.9
111,106.5,103.4,100.1,97.9,95.4,90,114,132.2,151.1,155.8,163,157.8,156.8,151,144.5,147.2,146,180.9,193.8,182.3,166,150.7,134.4
120.3,113.9,108.3,104.5,102.3,99.1,92.4,110,117,124.1,129.7,134.8,139,144.1,143.6,136.4,139.8,146.2,179.2,190.2,180.5,163.6,146.3,131.7
119.9,113.3,105.7,99.3,95.6,92.3,86,103,112.3,122.8,132.7,137.5,140.8,141,135.4,133.2,134.3,141.5,87.4,160.9,176.9,169.8,153.4,137.9
125.7,116.8,107.8,102.4,96.6,95.7,88.7,108.3,124.6,128.5,131.4,142.1,141.1,148.5,156.1,163.9,158.4,154.4,177.4,188.5,179.1,170.5,147.3,112.7
102.9,91.7,89.5,90.2,88.7,87.2,85.2,92.8,102.4,107.6,117.7,117.5,113.7,115.1,116.2,125.4,134.5,139.2,173.6,184.4,175.9,165.2,159.8,148.4
137.5,128.1,121.7,114.9,110.7,101.8,82.6,88.3,98.8,108.1,120.4,128.1,129.4,134.9,139.3,133.5,129.1,127.2,160.7,174.7,159.2,144.6,122.8,110.1
101.3,96.7,91.5,90.3,88.9,83.6,39.6,55.2,81.6,107.7,110.1,106.3,106.3,107.2,113.6,153.7,165.3,166,193,200.1,171.2,159.8,144.6,106.4
109.9,102.9,100.1,96.2,94.6,91.9,85.2,101.5,125.7,128.1,142.3,159.8,169.5,175.8,172.5,167.8,163.5,158.8,190.7,194.3,180.1,161,145.6,127.2
115.2,107.6,100.8,98,97,93.4,86.6,103.8,112.3,116.8,125.6,130.2,137.5,141.9,152.2,157.3,156.8,163.9,194.7,213.8,199.3,186.9,172.9,158.1
141.2,131,120.5,114.3,109.7,108.9,98.9,110.8,120.6,129.3,127.3,132.4,134,135.4,128.4,126.2,131.5,138.5,164.4,179,176,158.9,139.6,127
117.1,109.1,105.5,102.6,101.1,99.6,93.2,109.4,121.4,130,136.8,145.3,148.9,147.4,150.4,155.8,151.4,146.1,174.3,200.8,190.4,172.3,150.4,133.3
116.8,109.6,105.4,101.8,99.7,98.4,90.8,120.6,136.7,145.2,151.8,149.1,148.6,145.5,145.8,154.4,154.3,157.8,187.7,214.4,204.2,188.5,176,169.6